sku,handle,title,options,total_available,locations
85011,casual-easyfit-r-high-heel,Casual Easyfit® High Heel,Size: Women 10.5 - 12 | Men 9.5 - 11,0,"Quiet Atlanta Warehouse, Quiet La Palma Warehouse, Superfeet Worldwide LLC"
86006,casual-mens-easyfit-r,Casual Men's Easyfit®,Size: Women 6.5 - 8 | Men 5.5 - 7,0,"Quiet Atlanta Warehouse, Quiet La Palma Warehouse, Superfeet Worldwide LLC"
FL275304,casual-support,Casual Support,Size: Women 4.5 - 6 | Kids 2.5 - 4,0,"Quiet Atlanta Warehouse, Quiet La Palma Warehouse, Superfeet Worldwide LLC"
FL275306,casual-support,Casual Support,Size: Women 6.5 - 8 | Men 5.5 - 7,0,"Quiet Atlanta Warehouse, Quiet La Palma Warehouse, Superfeet Worldwide LLC"
FL275312,casual-support,Casual Support,Size: Women 12.5 - 14 | Men 11.5 - 13,0,"Quiet Atlanta Warehouse, Quiet La Palma Warehouse, Superfeet Worldwide LLC"
CU776204,me3d,ME3D,Size: Women 4.5 - 6 | Kids 2.5 - 4 (B),0,"Quiet Atlanta Warehouse, Quiet La Palma Warehouse, Superfeet Worldwide LLC"
CU776206,me3d,ME3D,Size: Women 6.5 - 8 | Men 5.5 - 7 (C),0,"Quiet Atlanta Warehouse, Quiet La Palma Warehouse, Superfeet Worldwide LLC"
CU776208,me3d,ME3D,Size: Women 8.5 - 10 | Men 7.5 - 9 (D),0,"Quiet Atlanta Warehouse, Quiet La Palma Warehouse, Superfeet Worldwide LLC"
CU776210,me3d,ME3D,Size: Women 10.5 - 12 | Men 9.5 - 11 (E),0,"Quiet Atlanta Warehouse, Quiet La Palma Warehouse, Superfeet Worldwide LLC"
CU776212,me3d,ME3D,Size: Women 12. 5 - 14 | Men 11.5 - 13 (F),0,"Quiet Atlanta Warehouse, Quiet La Palma Warehouse, Superfeet Worldwide LLC"
CU776214,me3d,ME3D,Size: Men 13. 5 - 15 (G),0,"Quiet Atlanta Warehouse, Quiet La Palma Warehouse, Superfeet Worldwide LLC"
CU776206-1,me3d-max,ME3D MAX,Size: Women 6.5 - 8 | Men 5.5 - 7 (C),0,"Quiet Atlanta Warehouse, Quiet La Palma Warehouse, Superfeet Worldwide LLC"
CU776304,me3d-max,ME3D MAX,Size: Women 4.5 - 6 | Kids 2.5 - 4 (B),0,"Quiet Atlanta Warehouse, Quiet La Palma Warehouse, Superfeet Worldwide LLC"
CU776308,me3d-max,ME3D MAX,Size: Women 8.5 - 10 | Men 7.5 - 9 (D),0,"Quiet Atlanta Warehouse, Quiet La Palma Warehouse, Superfeet Worldwide LLC"
CU776310,me3d-max,ME3D MAX,Size: Women 10.5 - 12 | Men 9.5 - 11 (E),0,"Quiet Atlanta Warehouse, Quiet La Palma Warehouse, Superfeet Worldwide LLC"
CU776312,me3d-max,ME3D MAX,Size: Women 12.5 - 14 | Men 11.5 - 13 (F),0,"Quiet Atlanta Warehouse, Quiet La Palma Warehouse, Superfeet Worldwide LLC"
CU776314,me3d-max,ME3D MAX,Size: Men 13.5 - 15 (G),0,"Quiet Atlanta Warehouse, Quiet La Palma Warehouse, Superfeet Worldwide LLC"
