sku,handle,title,options,locations_oos,locations_in_stock
15016,all-purpose-wide-fit-support,All-Purpose Wide-Fit Support,Size: Men 15.5 - 17,"Quiet La Palma Warehouse, Superfeet Worldwide LLC",Quiet Atlanta Warehouse
86012,casual-mens-easyfit-r,Casual Men's Easyfit®,Size: Women 12.5 - 14 | Men 11.5 - 13,Quiet La Palma Warehouse,"Quiet Atlanta Warehouse, Superfeet Worldwide LLC"
FL786204,run-support-high-arch,Run Support High Arch (V1),Size: Women 4.5 - 6 | Kids 2.5 - 4,"Quiet Atlanta Warehouse, Quiet La Palma Warehouse",Superfeet Worldwide LLC
FL786206,run-support-high-arch,Run Support High Arch (V1),Size: Women 6.5 - 8 | Men 5.5 - 7,"Quiet Atlanta Warehouse, Quiet La Palma Warehouse",Superfeet Worldwide LLC
FL786208,run-support-high-arch,Run Support High Arch (V1),Size: Women 8.5 - 10 | Men 7.5 - 9,"Quiet Atlanta Warehouse, Quiet La Palma Warehouse",Superfeet Worldwide LLC
FL786210,run-support-high-arch,Run Support High Arch (V1),Size: Women 10.5 - 12 | Men 9.5 - 11,"Quiet Atlanta Warehouse, Quiet La Palma Warehouse",Superfeet Worldwide LLC
FL786212,run-support-high-arch,Run Support High Arch (V1),Size: Women 12.5 - 14 | Men 11.5 - 13,"Quiet Atlanta Warehouse, Quiet La Palma Warehouse",Superfeet Worldwide LLC
FL786214,run-support-high-arch,Run Support High Arch (V1),Size: Men 13.5 - 15,"Quiet Atlanta Warehouse, Quiet La Palma Warehouse",Superfeet Worldwide LLC
32004,run-support-low-arch,Run Support Low Arch (V1),Size: Women 4.5 - 6 | Kids 2.5 - 4,"Quiet Atlanta Warehouse, Quiet La Palma Warehouse",Superfeet Worldwide LLC
32006,run-support-low-arch,Run Support Low Arch (V1),Size: Women 6.5 - 8 | Men 5.5 - 7,"Quiet Atlanta Warehouse, Quiet La Palma Warehouse",Superfeet Worldwide LLC
32008,run-support-low-arch,Run Support Low Arch (V1),Size: Women 8.5 - 10 | Men 7.5 - 9,"Quiet Atlanta Warehouse, Quiet La Palma Warehouse",Superfeet Worldwide LLC
32010,run-support-low-arch,Run Support Low Arch (V1),Size: Women 10.5 - 12 | Men 9.5 - 11,"Quiet Atlanta Warehouse, Quiet La Palma Warehouse",Superfeet Worldwide LLC
32012,run-support-low-arch,Run Support Low Arch (V1),Size: Women 12.5 - 14 | Men 11.5 - 13,"Quiet Atlanta Warehouse, Quiet La Palma Warehouse",Superfeet Worldwide LLC
32014,run-support-low-arch,Run Support Low Arch (V1),Size: Men 13.5 - 15,"Quiet Atlanta Warehouse, Quiet La Palma Warehouse",Superfeet Worldwide LLC
FL786604,run-support-medium-arch,Run Support Medium Arch (V1),Size: Women 4.5 - 6 | Kids 2.5 - 4,"Quiet Atlanta Warehouse, Quiet La Palma Warehouse",Superfeet Worldwide LLC
FL786606,run-support-medium-arch,Run Support Medium Arch (V1),Size: Women 6.5 - 8 | Men 5.5 - 7,"Quiet Atlanta Warehouse, Quiet La Palma Warehouse",Superfeet Worldwide LLC
FL786608,run-support-medium-arch,Run Support Medium Arch (V1),Size: Women 8.5 - 10 | Men 7.5 - 9,"Quiet Atlanta Warehouse, Quiet La Palma Warehouse",Superfeet Worldwide LLC
FL786610,run-support-medium-arch,Run Support Medium Arch (V1),Size: Women 10.5 - 12 | Men 9.5 - 11,"Quiet Atlanta Warehouse, Quiet La Palma Warehouse",Superfeet Worldwide LLC
FL786612,run-support-medium-arch,Run Support Medium Arch (V1),Size: Women 12.5 - 14 | Men 11.5 - 13,"Quiet Atlanta Warehouse, Quiet La Palma Warehouse",Superfeet Worldwide LLC
FL786704,sport-ultralight,Sport Ultralight,Size: Women 4.5 - 6 | Kids 2.5 - 4,"Quiet Atlanta Warehouse, Quiet La Palma Warehouse",Superfeet Worldwide LLC
FL786706,sport-ultralight,Sport Ultralight,Size: Women 6.5 - 8 | Men 5.5 - 7,"Quiet Atlanta Warehouse, Quiet La Palma Warehouse",Superfeet Worldwide LLC
FL786708,sport-ultralight,Sport Ultralight,Size: Women 8.5 - 10 | Men 7.5 - 9,"Quiet Atlanta Warehouse, Quiet La Palma Warehouse",Superfeet Worldwide LLC
FL786710,sport-ultralight,Sport Ultralight,Size: Women 10.5 - 12 | Men 9.5 - 11,"Quiet Atlanta Warehouse, Quiet La Palma Warehouse",Superfeet Worldwide LLC
FL786712,sport-ultralight,Sport Ultralight,Size: Women 12.5 - 14 | Men 11.5 - 13,"Quiet Atlanta Warehouse, Quiet La Palma Warehouse",Superfeet Worldwide LLC
FL786714,sport-ultralight,Sport Ultralight,Size: Men 13.5 - 15,"Quiet Atlanta Warehouse, Quiet La Palma Warehouse",Superfeet Worldwide LLC
FL810106,winter-thin-support,Winter Thin Support,Size: Women 6.5 - 8 | Men 5.5 - 7,Quiet La Palma Warehouse,"Quiet Atlanta Warehouse, Superfeet Worldwide LLC"
