sku,title,option1_value,locations_oos,locations_in_stock
15016,All-Purpose Wide-Fit Support,Men 15.5 - 17,"Quiet La Palma Warehouse, Superfeet Worldwide LLC",Quiet Atlanta Warehouse
86012,Casual Men's Easyfit®,Women 12.5 - 14 | Men 11.5 - 13,Quiet La Palma Warehouse,"Quiet Atlanta Warehouse, Superfeet Worldwide LLC"
FL786204,Run Support High Arch (V1),Women 4.5 - 6 | Kids 2.5 - 4,"Quiet Atlanta Warehouse, Quiet La Palma Warehouse",Superfeet Worldwide LLC
FL786206,Run Support High Arch (V1),Women 6.5 - 8 | Men 5.5 - 7,"Quiet Atlanta Warehouse, Quiet La Palma Warehouse",Superfeet Worldwide LLC
FL786208,Run Support High Arch (V1),Women 8.5 - 10 | Men 7.5 - 9,"Quiet Atlanta Warehouse, Quiet La Palma Warehouse",Superfeet Worldwide LLC
FL786210,Run Support High Arch (V1),Women 10.5 - 12 | Men 9.5 - 11,"Quiet Atlanta Warehouse, Quiet La Palma Warehouse",Superfeet Worldwide LLC
FL786212,Run Support High Arch (V1),Women 12.5 - 14 | Men 11.5 - 13,"Quiet Atlanta Warehouse, Quiet La Palma Warehouse",Superfeet Worldwide LLC
FL786214,Run Support High Arch (V1),Men 13.5 - 15,"Quiet Atlanta Warehouse, Quiet La Palma Warehouse",Superfeet Worldwide LLC
32004,Run Support Low Arch (V1),Women 4.5 - 6 | Kids 2.5 - 4,"Quiet Atlanta Warehouse, Quiet La Palma Warehouse",Superfeet Worldwide LLC
32006,Run Support Low Arch (V1),Women 6.5 - 8 | Men 5.5 - 7,"Quiet Atlanta Warehouse, Quiet La Palma Warehouse",Superfeet Worldwide LLC
32008,Run Support Low Arch (V1),Women 8.5 - 10 | Men 7.5 - 9,"Quiet Atlanta Warehouse, Quiet La Palma Warehouse",Superfeet Worldwide LLC
32010,Run Support Low Arch (V1),Women 10.5 - 12 | Men 9.5 - 11,"Quiet Atlanta Warehouse, Quiet La Palma Warehouse",Superfeet Worldwide LLC
32012,Run Support Low Arch (V1),Women 12.5 - 14 | Men 11.5 - 13,"Quiet Atlanta Warehouse, Quiet La Palma Warehouse",Superfeet Worldwide LLC
32014,Run Support Low Arch (V1),Men 13.5 - 15,"Quiet Atlanta Warehouse, Quiet La Palma Warehouse",Superfeet Worldwide LLC
FL786604,Run Support Medium Arch (V1),Women 4.5 - 6 | Kids 2.5 - 4,"Quiet Atlanta Warehouse, Quiet La Palma Warehouse",Superfeet Worldwide LLC
FL786606,Run Support Medium Arch (V1),Women 6.5 - 8 | Men 5.5 - 7,"Quiet Atlanta Warehouse, Quiet La Palma Warehouse",Superfeet Worldwide LLC
FL786608,Run Support Medium Arch (V1),Women 8.5 - 10 | Men 7.5 - 9,"Quiet Atlanta Warehouse, Quiet La Palma Warehouse",Superfeet Worldwide LLC
FL786610,Run Support Medium Arch (V1),Women 10.5 - 12 | Men 9.5 - 11,"Quiet Atlanta Warehouse, Quiet La Palma Warehouse",Superfeet Worldwide LLC
FL786612,Run Support Medium Arch (V1),Women 12.5 - 14 | Men 11.5 - 13,"Quiet Atlanta Warehouse, Quiet La Palma Warehouse",Superfeet Worldwide LLC
FL786704,Sport Ultralight,Women 4.5 - 6 | Kids 2.5 - 4,"Quiet Atlanta Warehouse, Quiet La Palma Warehouse",Superfeet Worldwide LLC
FL786706,Sport Ultralight,Women 6.5 - 8 | Men 5.5 - 7,"Quiet Atlanta Warehouse, Quiet La Palma Warehouse",Superfeet Worldwide LLC
FL786708,Sport Ultralight,Women 8.5 - 10 | Men 7.5 - 9,"Quiet Atlanta Warehouse, Quiet La Palma Warehouse",Superfeet Worldwide LLC
FL786710,Sport Ultralight,Women 10.5 - 12 | Men 9.5 - 11,"Quiet Atlanta Warehouse, Quiet La Palma Warehouse",Superfeet Worldwide LLC
FL786712,Sport Ultralight,Women 12.5 - 14 | Men 11.5 - 13,"Quiet Atlanta Warehouse, Quiet La Palma Warehouse",Superfeet Worldwide LLC
FL786714,Sport Ultralight,Men 13.5 - 15,"Quiet Atlanta Warehouse, Quiet La Palma Warehouse",Superfeet Worldwide LLC
FL810106,Winter Thin Support,Women 6.5 - 8 | Men 5.5 - 7,Quiet La Palma Warehouse,"Quiet Atlanta Warehouse, Superfeet Worldwide LLC"
